"","ward","year","ped_cyc","crashes","injuries_total","injuries_fatal","injuries_incapacitating","injuries_non_incapacitating","injuries_reported_not_evident"
"1","1","2009","no",1518,205,0,32,95,78
"2","1","2009","yes",154,150,1,18,64,68
"3","1","2010","no",1489,203,0,21,82,100
"4","1","2010","yes",168,172,0,22,87,63
"5","1","2011","no",1591,252,1,26,116,110
"6","1","2011","yes",143,137,0,17,78,42
"7","1","2012","no",1470,243,0,15,128,100
"8","1","2012","yes",166,156,2,18,85,53
"9","1","2013","no",1387,196,1,16,98,82
"10","1","2013","yes",157,151,0,18,89,44
"11","1","2014","no",1412,213,1,15,99,99
"12","1","2014","yes",175,168,3,22,101,45
"13","1","2015","no",927,142,1,25,67,50
"14","1","2015","yes",69,70,0,13,39,18
"15","1","2016","no",715,114,0,12,46,56
"16","1","2016","yes",79,81,0,8,42,31
"17","1","2017","no",1191,171,0,16,69,86
"18","1","2017","yes",89,91,0,9,56,26
"19","10","2009","no",1232,383,8,52,211,120
"20","10","2009","yes",33,34,3,6,18,10
"21","10","2010","no",1076,341,2,43,179,119
"22","10","2010","yes",48,48,1,4,34,10
"23","10","2011","no",1158,293,5,28,179,86
"24","10","2011","yes",48,45,1,3,29,13
"25","10","2012","no",1091,286,3,39,161,86
"26","10","2012","yes",32,31,0,4,17,10
"27","10","2013","no",1153,316,4,41,198,77
"28","10","2013","yes",31,33,0,4,18,11
"29","10","2014","no",1262,315,3,32,184,99
"30","10","2014","yes",35,32,2,4,22,6
"31","10","2015","no",826,200,2,24,126,50
"32","10","2015","yes",22,22,0,3,15,4
"33","10","2016","no",854,252,4,23,174,55
"34","10","2016","yes",25,26,0,5,10,11
"35","10","2017","no",1196,300,5,26,183,91
"36","10","2017","yes",18,18,1,1,12,5
"37","11","2009","no",2001,469,6,66,227,176
"38","11","2009","yes",83,84,2,12,40,32
"39","11","2010","no",2186,485,6,52,272,161
"40","11","2010","yes",92,92,1,12,41,39
"41","11","2011","no",2138,452,1,57,240,155
"42","11","2011","yes",76,77,1,11,43,23
"43","11","2012","no",2085,445,2,47,263,135
"44","11","2012","yes",81,79,1,6,43,30
"45","11","2013","no",2221,483,2,66,269,148
"46","11","2013","yes",78,77,1,8,42,27
"47","11","2014","no",2388,456,6,50,256,150
"48","11","2014","yes",84,80,2,5,57,18
"49","11","2015","no",2226,441,3,48,291,102
"50","11","2015","yes",35,35,1,7,14,14
"51","11","2016","no",2112,355,2,33,221,101
"52","11","2016","yes",56,51,0,4,21,26
"53","11","2017","no",2553,422,2,38,277,107
"54","11","2017","yes",51,49,1,11,26,12
"55","12","2009","no",1339,343,4,50,156,137
"56","12","2009","yes",64,65,0,13,30,22
"57","12","2010","no",1268,296,0,30,154,112
"58","12","2010","yes",59,62,0,5,33,24
"59","12","2011","no",1248,313,0,28,151,134
"60","12","2011","yes",65,64,3,11,31,22
"61","12","2012","no",1274,285,6,38,148,99
"62","12","2012","yes",57,57,3,11,25,21
"63","12","2013","no",1267,306,4,43,164,99
"64","12","2013","yes",67,68,0,7,39,22
"65","12","2014","no",1378,255,2,32,114,109
"66","12","2014","yes",56,59,0,11,34,14
"67","12","2015","no",1008,177,1,12,104,61
"68","12","2015","yes",25,23,0,5,15,3
"69","12","2016","no",985,158,0,12,88,58
"70","12","2016","yes",35,35,0,5,16,14
"71","12","2017","no",1477,269,2,22,159,88
"72","12","2017","yes",59,65,1,14,35,16
"73","13","2009","no",997,163,1,17,69,77
"74","13","2009","yes",39,38,1,4,16,18
"75","13","2010","no",1021,196,2,11,62,123
"76","13","2010","yes",34,34,1,8,16,10
"77","13","2011","no",939,178,1,10,72,96
"78","13","2011","yes",38,40,0,8,17,15
"79","13","2012","no",919,158,2,14,80,64
"80","13","2012","yes",28,25,0,2,12,11
"81","13","2013","no",971,148,1,21,61,66
"82","13","2013","yes",35,32,0,3,20,9
"83","13","2014","no",973,156,0,16,78,62
"84","13","2014","yes",22,22,0,2,15,5
"85","13","2015","no",533,62,1,3,28,31
"86","13","2015","yes",14,14,0,1,11,2
"87","13","2016","no",449,75,1,7,37,31
"88","13","2016","yes",17,17,0,2,8,7
"89","13","2017","no",1046,171,3,21,80,70
"90","13","2017","yes",35,33,0,6,23,4
"91","14","2009","no",1609,283,3,24,133,126
"92","14","2009","yes",76,78,1,13,34,31
"93","14","2010","no",1500,324,4,35,127,162
"94","14","2010","yes",51,54,0,9,20,25
"95","14","2011","no",1503,308,1,20,146,142
"96","14","2011","yes",59,57,2,9,29,19
"97","14","2012","no",1617,292,2,31,147,114
"98","14","2012","yes",45,46,1,1,30,15
"99","14","2013","no",1656,313,1,30,146,137
"100","14","2013","yes",73,66,3,10,37,19
"101","14","2014","no",1664,264,1,14,126,124
"102","14","2014","yes",54,53,1,7,30,16
"103","14","2015","no",894,126,1,10,67,49
"104","14","2015","yes",24,22,0,2,15,5
"105","14","2016","no",888,154,1,9,93,52
"106","14","2016","yes",28,27,1,4,14,9
"107","14","2017","no",1702,246,4,18,138,90
"108","14","2017","yes",37,39,1,7,25,7
"109","15","2009","no",863,159,1,15,80,64
"110","15","2009","yes",57,58,0,8,29,21
"111","15","2010","no",858,181,2,12,91,78
"112","15","2010","yes",44,45,0,5,24,16
"113","15","2011","no",821,216,0,21,94,101
"114","15","2011","yes",55,54,2,6,30,18
"115","15","2012","no",807,194,1,17,105,72
"116","15","2012","yes",51,54,0,6,30,18
"117","15","2013","no",817,154,2,17,63,74
"118","15","2013","yes",42,46,0,9,27,10
"119","15","2014","no",851,194,2,40,94,60
"120","15","2014","yes",55,57,3,8,37,12
"121","15","2015","no",523,76,1,2,40,34
"122","15","2015","yes",28,26,4,5,19,2
"123","15","2016","no",464,87,1,11,50,26
"124","15","2016","yes",35,34,2,4,15,15
"125","15","2017","no",891,176,0,16,90,70
"126","15","2017","yes",44,45,1,7,28,10
"127","16","2009","no",1415,388,5,30,180,178
"128","16","2009","yes",99,101,1,11,52,38
"129","16","2010","no",1287,364,1,19,166,179
"130","16","2010","yes",103,108,0,12,58,38
"131","16","2011","no",1209,351,1,18,161,172
"132","16","2011","yes",86,87,1,16,43,28
"133","16","2012","no",1071,316,1,31,173,112
"134","16","2012","yes",78,95,1,8,38,49
"135","16","2013","no",1099,240,1,35,113,92
"136","16","2013","yes",89,89,1,20,49,20
"137","16","2014","no",1162,250,0,22,105,123
"138","16","2014","yes",78,83,2,10,47,26
"139","16","2015","no",646,137,1,19,61,57
"140","16","2015","yes",38,36,3,7,25,4
"141","16","2016","no",444,103,0,18,51,34
"142","16","2016","yes",23,22,1,3,13,6
"143","16","2017","no",1271,289,1,32,147,110
"144","16","2017","yes",76,76,1,15,47,14
"145","17","2009","no",1375,418,3,34,228,156
"146","17","2009","yes",101,102,0,17,52,33
"147","17","2010","no",1399,479,1,31,287,161
"148","17","2010","yes",108,115,1,10,64,41
"149","17","2011","no",1258,402,2,26,228,148
"150","17","2011","yes",70,71,0,8,35,28
"151","17","2012","no",1188,386,1,18,206,162
"152","17","2012","yes",82,83,1,16,31,36
"153","17","2013","no",1176,363,2,28,192,143
"154","17","2013","yes",79,77,0,6,41,30
"155","17","2014","no",1330,333,2,28,200,105
"156","17","2014","yes",82,82,0,16,46,20
"157","17","2015","no",714,170,2,20,95,55
"158","17","2015","yes",45,41,2,12,24,5
"159","17","2016","no",524,124,1,11,73,40
"160","17","2016","yes",50,44,5,9,17,18
"161","17","2017","no",1318,317,2,41,162,114
"162","17","2017","yes",77,79,2,10,53,16
"163","18","2009","no",1190,300,0,20,150,130
"164","18","2009","yes",37,38,0,5,17,16
"165","18","2010","no",1157,305,0,29,122,154
"166","18","2010","yes",38,41,0,9,18,14
"167","18","2011","no",1144,331,1,16,127,188
"168","18","2011","yes",39,41,1,5,19,17
"169","18","2012","no",1097,268,1,14,118,136
"170","18","2012","yes",48,45,0,4,23,18
"171","18","2013","no",1109,301,2,22,154,125
"172","18","2013","yes",37,34,0,4,20,10
"173","18","2014","no",1210,297,3,38,141,118
"174","18","2014","yes",25,26,0,4,17,5
"175","18","2015","no",777,166,0,12,104,50
"176","18","2015","yes",12,12,0,2,6,4
"177","18","2016","no",649,131,2,5,66,60
"178","18","2016","yes",13,12,0,0,5,7
"179","18","2017","no",1228,326,1,37,192,97
"180","18","2017","yes",45,44,1,11,22,11
"181","19","2009","no",1030,229,1,18,87,124
"182","19","2009","yes",38,38,0,5,16,17
"183","19","2010","no",920,219,1,15,116,88
"184","19","2010","yes",35,37,0,4,15,18
"185","19","2011","no",985,202,1,30,94,78
"186","19","2011","yes",29,27,1,5,14,8
"187","19","2012","no",869,195,0,14,92,89
"188","19","2012","yes",26,27,0,3,15,9
"189","19","2013","no",980,239,3,10,111,118
"190","19","2013","yes",25,24,0,4,13,7
"191","19","2014","no",1077,233,0,34,114,85
"192","19","2014","yes",26,24,0,2,12,10
"193","19","2015","no",612,148,1,40,46,62
"194","19","2015","yes",8,8,0,2,6,0
"195","19","2016","no",553,133,1,16,51,66
"196","19","2016","yes",16,15,1,0,7,8
"197","19","2017","no",974,192,0,19,82,91
"198","19","2017","yes",24,22,0,2,16,4
"199","2","2009","no",1538,247,2,30,116,101
"200","2","2009","yes",136,136,0,17,61,58
"201","2","2010","no",1502,260,1,30,111,119
"202","2","2010","yes",117,117,1,11,57,49
"203","2","2011","no",1422,211,0,10,110,91
"204","2","2011","yes",133,135,0,20,75,40
"205","2","2012","no",1386,231,0,19,118,94
"206","2","2012","yes",120,118,1,19,56,43
"207","2","2013","no",1355,214,0,17,84,113
"208","2","2013","yes",137,133,0,16,78,39
"209","2","2014","no",1434,233,0,31,91,111
"210","2","2014","yes",125,112,1,15,62,35
"211","2","2015","no",989,145,0,11,61,73
"212","2","2015","yes",68,67,0,9,43,15
"213","2","2016","no",902,126,0,18,60,48
"214","2","2016","yes",85,85,1,12,40,33
"215","2","2017","no",1490,235,2,17,125,93
"216","2","2017","yes",103,103,1,15,66,22
"217","20","2009","no",1583,546,8,74,246,226
"218","20","2009","yes",112,118,0,18,50,50
"219","20","2010","no",1514,495,9,45,256,194
"220","20","2010","yes",81,90,0,8,55,27
"221","20","2011","no",1352,460,1,45,230,185
"222","20","2011","yes",84,93,0,5,58,30
"223","20","2012","no",1354,480,1,32,258,190
"224","20","2012","yes",70,67,1,8,38,21
"225","20","2013","no",1466,454,5,26,241,187
"226","20","2013","yes",66,63,1,5,29,29
"227","20","2014","no",1478,424,1,30,219,175
"228","20","2014","yes",64,65,1,6,42,17
"229","20","2015","no",1102,250,1,29,146,75
"230","20","2015","yes",33,30,2,4,21,5
"231","20","2016","no",994,242,1,22,151,69
"232","20","2016","yes",24,23,0,3,9,11
"233","20","2017","no",1687,471,2,46,271,154
"234","20","2017","yes",59,63,1,9,36,18
"235","21","2009","no",1848,664,4,42,388,234
"236","21","2009","yes",71,69,2,9,36,24
"237","21","2010","no",1788,592,2,48,328,216
"238","21","2010","yes",75,80,1,11,48,21
"239","21","2011","no",1676,512,4,63,279,170
"240","21","2011","yes",73,77,0,13,37,27
"241","21","2012","no",1669,520,1,53,279,188
"242","21","2012","yes",70,68,2,12,39,17
"243","21","2013","no",1714,491,6,33,280,178
"244","21","2013","yes",58,55,1,10,36,9
"245","21","2014","no",1963,509,4,57,281,171
"246","21","2014","yes",72,67,1,13,38,16
"247","21","2015","no",1386,349,3,30,194,125
"248","21","2015","yes",44,47,2,7,31,9
"249","21","2016","no",1343,384,4,39,238,107
"250","21","2016","yes",44,42,0,5,16,21
"251","21","2017","no",2195,473,1,37,241,195
"252","21","2017","yes",51,50,0,4,35,11
"253","22","2009","no",1067,223,0,26,91,106
"254","22","2009","yes",58,61,0,8,24,29
"255","22","2010","no",1032,222,2,24,104,94
"256","22","2010","yes",46,47,0,3,21,23
"257","22","2011","no",1119,201,3,22,107,72
"258","22","2011","yes",49,52,0,9,23,20
"259","22","2012","no",1177,206,1,15,95,96
"260","22","2012","yes",53,52,3,6,27,19
"261","22","2013","no",1224,271,0,25,117,129
"262","22","2013","yes",47,51,1,11,27,13
"263","22","2014","no",1208,234,3,21,90,123
"264","22","2014","yes",49,48,1,7,28,13
"265","22","2015","no",824,118,0,11,52,55
"266","22","2015","yes",24,22,1,3,14,5
"267","22","2016","no",739,127,1,14,60,53
"268","22","2016","yes",25,23,2,5,9,9
"269","22","2017","no",1051,206,1,18,95,93
"270","22","2017","yes",34,35,1,6,24,5
"271","23","2009","no",1396,282,0,17,110,155
"272","23","2009","yes",52,53,0,7,26,20
"273","23","2010","no",1346,317,1,19,137,161
"274","23","2010","yes",46,54,0,6,31,17
"275","23","2011","no",1272,225,0,11,95,119
"276","23","2011","yes",47,44,1,6,19,19
"277","23","2012","no",1292,264,1,22,116,126
"278","23","2012","yes",49,43,0,2,25,16
"279","23","2013","no",1315,245,0,15,110,120
"280","23","2013","yes",59,53,2,5,28,20
"281","23","2014","no",1372,201,0,11,79,111
"282","23","2014","yes",51,48,1,11,26,11
"283","23","2015","no",749,102,2,6,43,53
"284","23","2015","yes",20,18,1,4,8,6
"285","23","2016","no",654,81,1,7,47,27
"286","23","2016","yes",23,22,0,2,6,14
"287","23","2017","no",1313,225,2,14,126,85
"288","23","2017","yes",39,40,1,10,18,12
"289","24","2009","no",1513,403,1,40,207,156
"290","24","2009","yes",82,81,1,18,46,17
"291","24","2010","no",1401,452,1,36,243,173
"292","24","2010","yes",94,105,0,17,51,37
"293","24","2011","no",1473,399,6,22,239,138
"294","24","2011","yes",78,76,0,10,35,31
"295","24","2012","no",1464,455,4,43,252,160
"296","24","2012","yes",81,84,3,12,46,26
"297","24","2013","no",1380,437,3,50,201,186
"298","24","2013","yes",109,112,0,16,60,36
"299","24","2014","no",1491,430,1,47,186,197
"300","24","2014","yes",83,81,1,9,52,20
"301","24","2015","no",1152,304,3,61,140,103
"302","24","2015","yes",37,34,1,5,24,5
"303","24","2016","no",1098,276,4,5,158,113
"304","24","2016","yes",36,37,0,4,17,16
"305","24","2017","no",1689,478,4,43,265,170
"306","24","2017","yes",88,93,1,24,46,23
"307","25","2009","no",2029,438,3,56,223,159
"308","25","2009","yes",99,103,0,16,57,30
"309","25","2010","no",2069,457,2,37,249,171
"310","25","2010","yes",84,86,1,12,38,36
"311","25","2011","no",2036,422,3,46,225,151
"312","25","2011","yes",92,89,1,14,48,27
"313","25","2012","no",2028,381,4,30,197,154
"314","25","2012","yes",106,100,2,13,51,36
"315","25","2013","no",1992,359,6,48,178,133
"316","25","2013","yes",91,85,0,15,46,24
"317","25","2014","no",2279,344,0,40,169,135
"318","25","2014","yes",107,101,1,10,63,28
"319","25","2015","no",1834,337,7,22,173,142
"320","25","2015","yes",56,55,0,11,29,15
"321","25","2016","no",1704,264,2,29,158,77
"322","25","2016","yes",43,47,0,8,14,25
"323","25","2017","no",2567,417,1,52,243,122
"324","25","2017","yes",74,76,2,7,56,13
"325","26","2009","no",1088,219,4,31,107,81
"326","26","2009","yes",89,90,0,14,44,32
"327","26","2010","no",1124,216,0,13,122,81
"328","26","2010","yes",114,117,0,9,62,46
"329","26","2011","no",1065,235,1,20,112,103
"330","26","2011","yes",74,73,2,13,34,26
"331","26","2012","no",1124,243,2,19,132,92
"332","26","2012","yes",91,98,0,19,49,30
"333","26","2013","no",1016,201,0,30,98,73
"334","26","2013","yes",74,69,0,10,37,22
"335","26","2014","no",1029,200,1,16,106,78
"336","26","2014","yes",103,99,0,11,62,26
"337","26","2015","no",704,93,1,10,41,42
"338","26","2015","yes",51,48,3,7,34,7
"339","26","2016","no",627,141,1,16,59,66
"340","26","2016","yes",52,48,0,5,19,24
"341","26","2017","no",970,174,0,15,88,71
"342","26","2017","yes",62,58,3,17,34,7
"343","27","2009","no",3294,712,6,80,371,261
"344","27","2009","yes",208,210,0,17,95,98
"345","27","2010","no",3384,706,4,79,362,265
"346","27","2010","yes",217,209,2,26,117,66
"347","27","2011","no",3363,731,4,69,396,266
"348","27","2011","yes",188,190,0,25,99,66
"349","27","2012","no",3293,733,1,100,335,298
"350","27","2012","yes",215,209,2,22,107,80
"351","27","2013","no",3427,770,2,100,361,309
"352","27","2013","yes",230,215,6,36,115,64
"353","27","2014","no",3640,747,2,114,386,247
"354","27","2014","yes",214,205,3,32,117,56
"355","27","2015","no",2795,526,4,76,264,186
"356","27","2015","yes",123,121,1,14,73,34
"357","27","2016","no",2579,498,0,36,275,187
"358","27","2016","yes",104,102,3,11,48,43
"359","27","2017","no",3926,693,12,61,382,250
"360","27","2017","yes",173,175,2,24,108,43
"361","28","2009","no",2676,871,9,87,416,368
"362","28","2009","yes",169,179,0,27,92,60
"363","28","2010","no",2721,832,4,86,428,318
"364","28","2010","yes",175,172,2,16,96,60
"365","28","2011","no",2578,753,3,65,386,302
"366","28","2011","yes",207,212,1,24,113,75
"367","28","2012","no",2665,786,7,98,392,296
"368","28","2012","yes",160,156,1,17,87,52
"369","28","2013","no",2573,779,3,62,335,382
"370","28","2013","yes",171,164,1,25,92,47
"371","28","2014","no",2719,767,6,104,333,330
"372","28","2014","yes",143,132,2,21,80,31
"373","28","2015","no",1910,472,1,80,234,158
"374","28","2015","yes",92,99,3,29,49,21
"375","28","2016","no",1782,525,4,44,282,199
"376","28","2016","yes",84,84,2,8,33,43
"377","28","2017","no",2976,972,8,93,519,360
"378","28","2017","yes",131,125,4,24,84,17
"379","29","2009","no",1636,340,3,19,159,162
"380","29","2009","yes",70,71,2,9,29,33
"381","29","2010","no",1589,383,0,32,180,171
"382","29","2010","yes",81,81,1,8,34,39
"383","29","2011","no",1570,371,2,29,207,135
"384","29","2011","yes",73,75,1,9,36,30
"385","29","2012","no",1529,334,2,31,158,145
"386","29","2012","yes",68,67,1,11,35,21
"387","29","2013","no",1619,295,2,15,142,138
"388","29","2013","yes",71,72,0,6,44,22
"389","29","2014","no",1611,332,0,24,161,147
"390","29","2014","yes",70,69,1,14,39,16
"391","29","2015","no",1321,233,0,21,108,104
"392","29","2015","yes",37,37,0,8,19,10
"393","29","2016","no",1243,247,0,24,129,94
"394","29","2016","yes",31,29,1,5,15,9
"395","29","2017","no",2214,489,2,36,265,188
"396","29","2017","yes",66,65,2,12,40,13
"397","3","2009","no",1734,551,1,64,293,194
"398","3","2009","yes",80,83,0,12,40,31
"399","3","2010","no",1776,586,4,45,305,236
"400","3","2010","yes",84,83,1,12,51,20
"401","3","2011","no",1720,479,3,44,268,167
"402","3","2011","yes",74,69,3,10,37,22
"403","3","2012","no",1783,639,7,69,333,237
"404","3","2012","yes",82,81,1,10,48,23
"405","3","2013","no",1842,550,3,72,298,180
"406","3","2013","yes",89,88,1,15,53,20
"407","3","2014","no",2012,614,2,64,332,218
"408","3","2014","yes",88,88,1,11,55,22
"409","3","2015","no",1610,398,2,33,229,136
"410","3","2015","yes",38,38,0,8,25,5
"411","3","2016","no",1566,460,5,27,295,138
"412","3","2016","yes",35,34,0,8,10,16
"413","3","2017","no",2392,644,3,40,384,220
"414","3","2017","yes",65,67,0,5,48,14
"415","30","2009","no",1449,219,1,26,93,100
"416","30","2009","yes",78,77,2,12,37,28
"417","30","2010","no",1389,220,2,24,107,89
"418","30","2010","yes",88,89,0,18,39,32
"419","30","2011","no",1300,158,0,22,69,67
"420","30","2011","yes",73,75,0,12,32,31
"421","30","2012","no",1308,220,3,20,106,94
"422","30","2012","yes",71,68,1,7,28,33
"423","30","2013","no",1387,213,1,24,85,104
"424","30","2013","yes",90,91,1,13,47,31
"425","30","2014","no",1420,211,1,32,110,69
"426","30","2014","yes",79,77,1,9,43,25
"427","30","2015","no",639,74,0,5,34,35
"428","30","2015","yes",31,27,1,6,15,6
"429","30","2016","no",589,92,0,21,37,34
"430","30","2016","yes",33,33,1,3,13,17
"431","30","2017","no",1003,147,2,19,73,55
"432","30","2017","yes",49,47,1,8,31,8
"433","31","2009","no",1322,213,2,22,93,98
"434","31","2009","yes",80,82,0,13,36,33
"435","31","2010","no",1256,212,6,18,100,94
"436","31","2010","yes",85,84,0,11,34,39
"437","31","2011","no",1150,236,2,22,119,95
"438","31","2011","yes",79,81,0,10,47,24
"439","31","2012","no",1165,178,2,26,76,76
"440","31","2012","yes",67,66,0,8,41,17
"441","31","2013","no",1183,185,1,17,77,91
"442","31","2013","yes",65,65,1,7,40,18
"443","31","2014","no",1208,170,0,28,69,73
"444","31","2014","yes",73,68,1,15,32,21
"445","31","2015","no",771,110,1,16,45,49
"446","31","2015","yes",44,45,1,11,23,11
"447","31","2016","no",638,90,1,15,40,35
"448","31","2016","yes",32,33,0,5,17,11
"449","31","2017","no",1011,170,2,26,83,61
"450","31","2017","yes",50,49,0,8,32,9
"451","32","2009","no",1929,312,1,30,136,146
"452","32","2009","yes",129,126,1,21,41,64
"453","32","2010","no",1875,313,1,37,134,142
"454","32","2010","yes",136,133,0,12,77,44
"455","32","2011","no",1866,297,2,14,153,130
"456","32","2011","yes",114,104,0,13,55,36
"457","32","2012","no",1892,326,1,40,154,132
"458","32","2012","yes",115,107,1,13,54,40
"459","32","2013","no",1897,309,3,30,150,129
"460","32","2013","yes",120,108,1,10,65,33
"461","32","2014","no",1958,310,3,17,155,138
"462","32","2014","yes",115,111,1,10,69,32
"463","32","2015","no",1310,187,0,16,81,90
"464","32","2015","yes",64,62,0,8,36,18
"465","32","2016","no",1229,216,1,27,105,84
"466","32","2016","yes",59,56,0,10,21,25
"467","32","2017","no",1621,282,0,25,131,126
"468","32","2017","yes",77,78,0,13,48,17
"469","33","2009","no",1423,196,1,17,102,77
"470","33","2009","yes",92,94,0,11,42,41
"471","33","2010","no",1430,219,1,8,102,109
"472","33","2010","yes",95,96,0,10,56,30
"473","33","2011","no",1460,220,0,14,108,98
"474","33","2011","yes",89,92,1,12,49,31
"475","33","2012","no",1450,251,3,24,113,114
"476","33","2012","yes",93,92,0,9,51,32
"477","33","2013","no",1366,193,1,25,94,74
"478","33","2013","yes",100,93,0,8,62,23
"479","33","2014","no",1333,184,0,22,95,67
"480","33","2014","yes",86,87,0,5,65,17
"481","33","2015","no",849,100,0,6,48,46
"482","33","2015","yes",32,30,0,1,14,15
"483","33","2016","no",798,102,1,10,46,46
"484","33","2016","yes",34,32,1,4,14,14
"485","33","2017","no",1155,160,0,18,77,65
"486","33","2017","yes",55,53,0,8,36,9
"487","34","2009","no",1375,408,2,46,220,142
"488","34","2009","yes",58,60,0,9,30,21
"489","34","2010","no",1299,449,8,42,237,170
"490","34","2010","yes",69,71,0,7,41,23
"491","34","2011","no",1170,371,3,49,179,143
"492","34","2011","yes",52,55,0,8,29,18
"493","34","2012","no",1144,395,3,49,184,162
"494","34","2012","yes",45,44,2,4,25,15
"495","34","2013","no",1172,390,4,42,210,138
"496","34","2013","yes",45,43,0,6,24,13
"497","34","2014","no",1231,344,0,47,158,139
"498","34","2014","yes",34,36,0,7,19,10
"499","34","2015","no",1084,329,2,43,160,126
"500","34","2015","yes",32,34,1,13,13,8
"501","34","2016","no",1065,299,6,24,161,114
"502","34","2016","yes",25,28,0,1,16,11
"503","34","2017","no",1662,426,5,36,232,158
"504","34","2017","yes",31,33,0,2,23,8
"505","35","2009","no",1190,176,0,20,80,76
"506","35","2009","yes",69,70,2,11,21,38
"507","35","2010","no",1171,206,0,20,91,95
"508","35","2010","yes",75,78,1,6,47,25
"509","35","2011","no",1170,176,0,10,87,79
"510","35","2011","yes",70,71,1,8,44,19
"511","35","2012","no",1223,201,0,17,99,85
"512","35","2012","yes",83,82,0,8,47,27
"513","35","2013","no",1237,186,0,15,89,82
"514","35","2013","yes",68,62,0,8,35,19
"515","35","2014","no",1166,147,1,19,75,53
"516","35","2014","yes",76,72,0,9,45,18
"517","35","2015","no",713,102,0,14,50,38
"518","35","2015","yes",28,25,2,3,17,5
"519","35","2016","no",660,90,0,11,51,28
"520","35","2016","yes",27,25,0,3,14,8
"521","35","2017","no",1078,153,1,10,77,66
"522","35","2017","yes",49,50,0,5,27,18
"523","36","2009","no",1268,217,0,22,92,103
"524","36","2009","yes",70,68,0,9,30,29
"525","36","2010","no",1186,188,0,17,90,81
"526","36","2010","yes",61,61,0,5,31,25
"527","36","2011","no",1064,196,0,28,101,67
"528","36","2011","yes",53,50,2,12,24,14
"529","36","2012","no",1123,201,0,15,96,90
"530","36","2012","yes",49,45,0,6,19,20
"531","36","2013","no",1154,188,0,22,83,83
"532","36","2013","yes",54,54,1,6,34,14
"533","36","2014","no",1131,148,0,12,73,63
"534","36","2014","yes",54,51,0,4,30,17
"535","36","2015","no",593,63,1,7,23,33
"536","36","2015","yes",36,33,2,7,13,13
"537","36","2016","no",554,99,1,18,39,42
"538","36","2016","yes",30,30,0,1,12,17
"539","36","2017","no",959,195,1,20,100,75
"540","36","2017","yes",33,33,0,8,17,8
"541","37","2009","no",1563,375,3,29,201,145
"542","37","2009","yes",97,100,0,15,52,33
"543","37","2010","no",1473,348,3,42,165,141
"544","37","2010","yes",104,110,1,16,54,40
"545","37","2011","no",1396,352,3,36,160,156
"546","37","2011","yes",99,97,1,8,49,40
"547","37","2012","no",1431,334,2,35,185,114
"548","37","2012","yes",105,105,0,9,58,38
"549","37","2013","no",1416,342,3,38,152,152
"550","37","2013","yes",108,108,0,16,65,27
"551","37","2014","no",1411,380,1,34,197,149
"552","37","2014","yes",85,80,2,12,53,15
"553","37","2015","no",956,207,0,18,104,85
"554","37","2015","yes",57,54,2,12,29,13
"555","37","2016","no",1000,267,2,27,123,117
"556","37","2016","yes",41,41,0,5,17,19
"557","37","2017","no",1452,346,1,39,154,153
"558","37","2017","yes",74,77,2,15,38,24
"559","38","2009","no",1479,278,0,28,115,135
"560","38","2009","yes",42,41,0,9,11,21
"561","38","2010","no",1288,249,2,20,107,122
"562","38","2010","yes",60,61,1,9,31,21
"563","38","2011","no",1233,233,2,39,95,99
"564","38","2011","yes",52,50,1,4,25,21
"565","38","2012","no",1181,197,0,19,96,82
"566","38","2012","yes",48,50,0,5,29,16
"567","38","2013","no",1310,218,0,24,111,83
"568","38","2013","yes",55,55,0,7,32,16
"569","38","2014","no",1274,248,1,29,130,89
"570","38","2014","yes",39,35,0,4,20,11
"571","38","2015","no",953,130,2,15,54,61
"572","38","2015","yes",32,29,0,12,10,7
"573","38","2016","no",913,141,1,22,68,51
"574","38","2016","yes",30,28,0,5,12,11
"575","38","2017","no",1159,191,0,17,82,92
"576","38","2017","yes",31,31,0,6,11,14
"577","39","2009","no",1868,338,4,37,160,141
"578","39","2009","yes",62,63,0,8,26,29
"579","39","2010","no",1945,315,0,48,156,111
"580","39","2010","yes",66,66,0,11,38,17
"581","39","2011","no",1917,359,2,35,193,131
"582","39","2011","yes",66,64,0,8,40,16
"583","39","2012","no",1907,330,2,31,169,130
"584","39","2012","yes",66,61,0,3,40,18
"585","39","2013","no",1949,301,3,16,154,131
"586","39","2013","yes",72,71,0,11,42,18
"587","39","2014","no",2008,315,2,23,153,139
"588","39","2014","yes",74,67,1,8,38,21
"589","39","2015","no",1535,225,2,29,112,84
"590","39","2015","yes",36,36,0,4,21,11
"591","39","2016","no",1332,155,1,14,73,68
"592","39","2016","yes",23,23,2,3,9,11
"593","39","2017","no",1929,323,2,29,169,125
"594","39","2017","yes",45,45,0,9,26,10
"595","4","2009","no",1418,413,2,41,168,204
"596","4","2009","yes",112,114,2,22,43,49
"597","4","2010","no",1327,353,1,33,176,144
"598","4","2010","yes",78,79,1,5,49,25
"599","4","2011","no",1322,312,1,36,149,127
"600","4","2011","yes",95,95,2,9,51,35
"601","4","2012","no",1269,366,3,31,183,152
"602","4","2012","yes",106,107,0,13,62,32
"603","4","2013","no",1260,290,6,23,119,148
"604","4","2013","yes",84,80,1,7,41,32
"605","4","2014","no",1494,347,4,45,160,142
"606","4","2014","yes",87,85,0,11,47,27
"607","4","2015","no",1292,305,1,33,146,126
"608","4","2015","yes",33,32,2,9,15,8
"609","4","2016","no",1364,310,1,40,159,111
"610","4","2016","yes",64,59,1,13,24,22
"611","4","2017","no",1900,388,2,36,213,139
"612","4","2017","yes",71,63,1,12,35,16
"613","40","2009","no",1368,229,0,10,103,116
"614","40","2009","yes",64,65,0,7,29,29
"615","40","2010","no",1361,235,2,15,115,105
"616","40","2010","yes",64,64,1,10,30,24
"617","40","2011","no",1274,206,0,19,92,95
"618","40","2011","yes",74,72,1,5,45,22
"619","40","2012","no",1302,192,0,12,93,87
"620","40","2012","yes",66,62,1,8,36,18
"621","40","2013","no",1247,206,0,12,98,96
"622","40","2013","yes",91,85,0,11,49,25
"623","40","2014","no",1282,181,1,14,77,90
"624","40","2014","yes",81,77,0,5,50,22
"625","40","2015","no",905,117,1,9,45,63
"626","40","2015","yes",40,38,0,8,19,11
"627","40","2016","no",742,132,1,16,67,49
"628","40","2016","yes",49,46,2,4,21,21
"629","40","2017","no",1251,202,0,9,118,75
"630","40","2017","yes",53,53,0,15,27,11
"631","41","2009","no",1863,393,3,49,184,160
"632","41","2009","yes",53,53,0,8,21,24
"633","41","2010","no",1743,398,6,43,168,187
"634","41","2010","yes",43,41,0,7,16,18
"635","41","2011","no",1698,309,1,28,138,143
"636","41","2011","yes",38,36,0,3,17,16
"637","41","2012","no",1793,331,3,49,129,153
"638","41","2012","yes",46,45,1,8,24,13
"639","41","2013","no",1998,334,1,52,157,125
"640","41","2013","yes",51,49,1,8,27,14
"641","41","2014","no",2211,399,2,48,192,159
"642","41","2014","yes",39,37,0,6,24,7
"643","41","2015","no",1910,369,2,60,172,137
"644","41","2015","yes",36,36,0,5,22,9
"645","41","2016","no",1885,342,2,65,146,131
"646","41","2016","yes",39,37,0,5,16,16
"647","41","2017","no",2282,355,2,39,166,150
"648","41","2017","yes",43,40,2,4,19,17
"649","42","2009","no",3407,714,2,75,313,326
"650","42","2009","yes",393,403,2,43,199,161
"651","42","2010","no",3669,598,1,59,291,248
"652","42","2010","yes",363,370,1,47,195,128
"653","42","2011","no",3558,588,0,49,299,240
"654","42","2011","yes",370,370,4,48,191,131
"655","42","2012","no",3321,581,2,45,258,278
"656","42","2012","yes",387,386,1,35,204,147
"657","42","2013","no",3367,659,0,84,309,266
"658","42","2013","yes",350,342,0,37,190,115
"659","42","2014","no",3825,662,2,76,284,302
"660","42","2014","yes",371,351,0,49,199,103
"661","42","2015","no",2907,449,1,58,240,151
"662","42","2015","yes",234,233,2,46,126,61
"663","42","2016","no",2822,482,0,45,275,162
"664","42","2016","yes",210,201,3,19,84,98
"665","42","2017","no",4766,643,4,95,326,222
"666","42","2017","yes",271,266,0,43,157,66
"667","43","2009","no",1245,224,0,26,99,99
"668","43","2009","yes",120,122,0,14,54,54
"669","43","2010","no",1156,168,0,9,74,85
"670","43","2010","yes",107,105,0,14,53,38
"671","43","2011","no",1171,169,1,11,81,77
"672","43","2011","yes",109,107,0,11,59,37
"673","43","2012","no",1090,164,0,9,83,72
"674","43","2012","yes",103,100,0,16,47,37
"675","43","2013","no",1018,139,1,21,81,37
"676","43","2013","yes",115,110,0,13,62,35
"677","43","2014","no",1001,125,1,11,56,58
"678","43","2014","yes",113,107,0,9,67,31
"679","43","2015","no",768,88,1,14,47,27
"680","43","2015","yes",42,40,0,8,19,13
"681","43","2016","no",610,113,0,5,62,46
"682","43","2016","yes",66,62,1,8,31,23
"683","43","2017","no",981,185,0,25,87,73
"684","43","2017","yes",48,53,0,8,32,13
"685","44","2009","no",1008,126,0,14,47,65
"686","44","2009","yes",95,90,1,11,39,40
"687","44","2010","no",993,138,0,9,59,70
"688","44","2010","yes",112,112,0,10,60,42
"689","44","2011","no",984,129,0,23,35,71
"690","44","2011","yes",94,96,1,9,51,36
"691","44","2012","no",956,114,0,14,44,56
"692","44","2012","yes",111,112,0,17,45,50
"693","44","2013","no",944,138,2,14,54,70
"694","44","2013","yes",123,112,0,10,68,34
"695","44","2014","no",1015,111,0,14,46,51
"696","44","2014","yes",111,103,0,9,65,29
"697","44","2015","no",638,65,0,15,25,25
"698","44","2015","yes",42,38,1,4,24,10
"699","44","2016","no",563,58,1,6,33,19
"700","44","2016","yes",48,46,1,5,23,18
"701","44","2017","no",792,92,0,4,42,46
"702","44","2017","yes",69,76,0,15,42,19
"703","45","2009","no",2454,380,1,41,153,186
"704","45","2009","yes",76,76,0,15,39,22
"705","45","2010","no",2489,438,1,42,202,194
"706","45","2010","yes",70,71,0,9,37,25
"707","45","2011","no",2329,346,1,30,161,155
"708","45","2011","yes",51,53,1,10,27,16
"709","45","2012","no",2431,369,1,31,174,164
"710","45","2012","yes",86,83,1,8,44,31
"711","45","2013","no",2499,376,1,33,171,172
"712","45","2013","yes",78,75,0,6,52,17
"713","45","2014","no",2565,358,2,38,166,154
"714","45","2014","yes",70,65,1,11,39,15
"715","45","2015","no",1802,224,0,30,124,70
"716","45","2015","yes",41,39,2,12,22,5
"717","45","2016","no",1823,226,2,25,108,93
"718","45","2016","yes",39,39,2,7,14,18
"719","45","2017","no",2407,326,1,35,184,107
"720","45","2017","yes",48,47,0,6,25,16
"721","46","2009","no",865,99,3,15,44,40
"722","46","2009","yes",83,85,1,10,31,44
"723","46","2010","no",817,106,2,12,43,51
"724","46","2010","yes",106,102,0,9,51,42
"725","46","2011","no",772,102,0,5,44,53
"726","46","2011","yes",92,90,1,13,43,34
"727","46","2012","no",715,114,2,16,53,45
"728","46","2012","yes",90,88,2,13,38,37
"729","46","2013","no",855,127,0,28,61,38
"730","46","2013","yes",88,83,1,6,53,24
"731","46","2014","no",831,99,0,15,41,43
"732","46","2014","yes",77,78,0,6,55,17
"733","46","2015","no",572,81,0,14,34,33
"734","46","2015","yes",48,45,1,6,26,13
"735","46","2016","no",505,65,1,7,37,21
"736","46","2016","yes",39,40,0,2,16,22
"737","46","2017","no",726,113,1,10,55,48
"738","46","2017","yes",58,56,2,12,31,13
"739","47","2009","no",1464,224,1,28,93,103
"740","47","2009","yes",110,110,1,20,47,43
"741","47","2010","no",1406,233,1,19,85,129
"742","47","2010","yes",94,93,2,9,45,39
"743","47","2011","no",1326,245,1,27,100,118
"744","47","2011","yes",90,91,0,13,49,29
"745","47","2012","no",1231,203,4,22,88,93
"746","47","2012","yes",100,101,0,15,55,31
"747","47","2013","no",1420,219,0,29,91,99
"748","47","2013","yes",109,102,1,7,68,27
"749","47","2014","no",1355,209,0,14,99,96
"750","47","2014","yes",85,83,0,12,47,24
"751","47","2015","no",887,127,0,14,53,60
"752","47","2015","yes",42,42,1,6,25,11
"753","47","2016","no",745,114,0,13,61,40
"754","47","2016","yes",58,58,1,4,28,26
"755","47","2017","no",976,129,0,8,56,65
"756","47","2017","yes",64,65,0,9,46,10
"757","48","2009","no",972,125,0,20,53,52
"758","48","2009","yes",78,80,0,11,42,27
"759","48","2010","no",899,146,0,10,56,80
"760","48","2010","yes",72,69,0,11,34,24
"761","48","2011","no",821,136,0,10,70,56
"762","48","2011","yes",70,72,1,8,34,30
"763","48","2012","no",897,148,0,14,62,72
"764","48","2012","yes",92,87,0,4,61,22
"765","48","2013","no",896,141,1,19,56,66
"766","48","2013","yes",80,75,0,9,43,23
"767","48","2014","no",871,123,0,12,64,47
"768","48","2014","yes",63,63,1,3,45,15
"769","48","2015","no",538,88,1,13,31,44
"770","48","2015","yes",39,36,0,7,20,9
"771","48","2016","no",490,56,1,5,14,37
"772","48","2016","yes",42,43,0,7,21,15
"773","48","2017","no",806,108,1,10,61,37
"774","48","2017","yes",45,43,1,9,24,10
"775","49","2009","no",844,124,1,8,69,47
"776","49","2009","yes",70,69,2,9,32,28
"777","49","2010","no",813,103,1,3,51,49
"778","49","2010","yes",66,67,1,7,31,29
"779","49","2011","no",750,101,0,12,44,45
"780","49","2011","yes",54,53,0,7,25,21
"781","49","2012","no",746,115,0,9,56,50
"782","49","2012","yes",65,64,1,11,34,19
"783","49","2013","no",813,122,0,7,55,60
"784","49","2013","yes",53,48,0,3,30,15
"785","49","2014","no",792,94,0,12,32,50
"786","49","2014","yes",43,39,0,6,25,8
"787","49","2015","no",399,41,0,1,22,18
"788","49","2015","yes",25,24,1,5,18,1
"789","49","2016","no",335,60,0,9,38,13
"790","49","2016","yes",37,37,1,5,19,13
"791","49","2017","no",722,64,0,8,30,26
"792","49","2017","yes",37,37,0,4,25,8
"793","5","2009","no",1183,353,1,35,154,164
"794","5","2009","yes",78,79,0,7,42,30
"795","5","2010","no",1193,375,4,43,165,167
"796","5","2010","yes",70,71,1,11,36,24
"797","5","2011","no",1124,361,2,29,185,147
"798","5","2011","yes",53,50,1,4,22,24
"799","5","2012","no",1144,281,1,24,145,112
"800","5","2012","yes",59,62,0,8,34,20
"801","5","2013","no",1158,326,3,24,166,136
"802","5","2013","yes",79,83,0,13,53,17
"803","5","2014","no",1320,315,0,16,164,135
"804","5","2014","yes",68,69,0,9,43,17
"805","5","2015","no",979,243,4,39,118,86
"806","5","2015","yes",43,42,0,9,23,10
"807","5","2016","no",833,237,5,17,123,97
"808","5","2016","yes",27,30,1,5,15,10
"809","5","2017","no",1481,381,0,47,200,134
"810","5","2017","yes",50,50,0,11,32,7
"811","50","2009","no",1079,151,1,9,66,76
"812","50","2009","yes",67,64,3,8,32,24
"813","50","2010","no",1027,125,0,11,61,53
"814","50","2010","yes",64,65,1,5,37,23
"815","50","2011","no",944,155,2,17,71,67
"816","50","2011","yes",48,52,0,6,28,18
"817","50","2012","no",1020,172,0,18,96,58
"818","50","2012","yes",63,60,3,11,34,15
"819","50","2013","no",1081,165,0,13,76,76
"820","50","2013","yes",72,74,1,13,50,11
"821","50","2014","no",1119,186,0,15,112,59
"822","50","2014","yes",76,76,0,13,48,15
"823","50","2015","no",675,80,1,8,44,28
"824","50","2015","yes",29,29,1,2,19,8
"825","50","2016","no",637,113,1,6,70,37
"826","50","2016","yes",33,33,1,4,10,19
"827","50","2017","no",1038,141,0,15,80,46
"828","50","2017","yes",55,55,0,3,41,11
"829","6","2009","no",2036,712,7,64,378,270
"830","6","2009","yes",99,105,0,14,57,34
"831","6","2010","no",1865,689,7,45,389,255
"832","6","2010","yes",113,116,4,17,65,34
"833","6","2011","no",1888,655,6,57,330,268
"834","6","2011","yes",101,108,1,14,53,41
"835","6","2012","no",1866,590,2,43,298,249
"836","6","2012","yes",104,105,3,19,63,23
"837","6","2013","no",1857,575,2,40,310,225
"838","6","2013","yes",82,85,0,8,50,27
"839","6","2014","no",2045,713,3,69,403,241
"840","6","2014","yes",71,72,0,6,49,17
"841","6","2015","no",1445,364,4,38,191,135
"842","6","2015","yes",33,33,1,6,19,8
"843","6","2016","no",1114,320,2,28,190,102
"844","6","2016","yes",24,22,1,6,8,8
"845","6","2017","no",2168,665,4,66,337,262
"846","6","2017","yes",77,77,2,12,47,18
"847","7","2009","no",851,214,1,20,105,89
"848","7","2009","yes",59,57,1,7,29,21
"849","7","2010","no",891,220,0,13,112,95
"850","7","2010","yes",62,61,3,7,36,18
"851","7","2011","no",871,237,0,17,124,96
"852","7","2011","yes",46,47,0,10,22,15
"853","7","2012","no",791,213,1,17,105,91
"854","7","2012","yes",58,58,1,9,29,20
"855","7","2013","no",803,217,2,34,103,80
"856","7","2013","yes",44,47,0,6,29,12
"857","7","2014","no",843,197,3,26,100,71
"858","7","2014","yes",41,41,1,7,23,11
"859","7","2015","no",533,92,1,12,41,39
"860","7","2015","yes",21,20,2,4,11,5
"861","7","2016","no",473,115,0,7,69,39
"862","7","2016","yes",23,24,0,3,10,11
"863","7","2017","no",856,173,1,17,95,61
"864","7","2017","yes",30,28,1,2,21,5
"865","8","2009","no",1683,552,4,52,294,206
"866","8","2009","yes",73,74,1,12,36,26
"867","8","2010","no",1614,461,0,52,218,191
"868","8","2010","yes",72,73,1,15,37,21
"869","8","2011","no",1541,448,0,36,227,185
"870","8","2011","yes",77,83,1,12,50,21
"871","8","2012","no",1511,481,5,36,269,176
"872","8","2012","yes",83,81,4,11,42,28
"873","8","2013","no",1564,460,6,42,241,177
"874","8","2013","yes",80,81,0,16,49,16
"875","8","2014","no",1586,442,4,36,210,196
"876","8","2014","yes",67,71,1,14,36,21
"877","8","2015","no",1175,319,1,19,162,138
"878","8","2015","yes",39,37,2,10,21,6
"879","8","2016","no",1018,264,3,15,149,100
"880","8","2016","yes",43,41,3,5,17,19
"881","8","2017","no",1579,495,4,37,271,187
"882","8","2017","yes",59,58,4,9,36,13
"883","9","2009","no",1324,441,1,39,242,160
"884","9","2009","yes",70,73,0,13,29,31
"885","9","2010","no",1262,434,4,33,233,168
"886","9","2010","yes",75,80,1,6,38,36
"887","9","2011","no",1218,406,4,30,190,186
"888","9","2011","yes",62,62,1,6,36,20
"889","9","2012","no",1144,382,1,40,212,130
"890","9","2012","yes",53,52,1,7,30,15
"891","9","2013","no",1184,321,5,31,183,107
"892","9","2013","yes",63,67,0,6,42,19
"893","9","2014","no",1314,319,3,34,172,113
"894","9","2014","yes",50,48,0,9,29,10
"895","9","2015","no",1037,242,3,14,127,101
"896","9","2015","yes",21,19,1,1,16,2
"897","9","2016","no",1022,277,3,18,165,94
"898","9","2016","yes",17,18,0,3,4,11
"899","9","2017","no",1499,408,3,40,248,120
"900","9","2017","yes",37,37,1,5,19,13
"901",NA,"2009","no",744,206,0,18,67,121
"902",NA,"2009","yes",22,23,2,7,11,5
"903",NA,"2010","no",907,244,2,19,104,121
"904",NA,"2010","yes",24,24,0,5,13,6
"905",NA,"2011","no",727,248,0,33,112,103
"906",NA,"2011","yes",27,27,0,4,10,13
"907",NA,"2012","no",789,220,1,23,85,112
"908",NA,"2012","yes",23,24,1,6,13,5
"909",NA,"2013","no",854,254,2,33,107,114
"910",NA,"2013","yes",21,20,0,5,10,5
"911",NA,"2014","no",813,249,0,18,118,113
"912",NA,"2014","yes",32,31,0,7,16,8
"913",NA,"2015","no",953,223,1,14,104,105
"914",NA,"2015","yes",35,34,1,5,20,9
"915",NA,"2016","no",1050,238,1,22,104,112
"916",NA,"2016","yes",34,33,0,5,15,13
"917",NA,"2017","no",697,199,1,15,90,94
"918",NA,"2017","yes",26,24,2,5,14,5
"919","1","2018","no",2033,266,0,28,128,110
"920","1","2018","yes",151,122,1,14,84,23
"921","1","2019","no",1915,209,0,16,105,88
"922","1","2019","yes",173,143,0,23,92,28
"923","10","2018","no",1563,317,10,33,181,93
"924","10","2018","yes",29,26,0,6,16,4
"925","10","2019","no",1578,316,4,36,169,107
"926","10","2019","yes",44,40,0,4,27,9
"927","11","2018","no",2122,288,0,33,164,91
"928","11","2018","yes",127,96,0,10,72,14
"929","11","2019","no",2107,288,0,30,156,102
"930","11","2019","yes",116,91,0,14,61,16
"931","12","2018","no",2234,334,1,24,169,140
"932","12","2018","yes",76,65,1,14,39,11
"933","12","2019","no",2207,333,1,25,180,127
"934","12","2019","yes",66,53,0,6,38,9
"935","13","2018","no",1670,218,1,21,134,62
"936","13","2018","yes",55,51,0,7,37,7
"937","13","2019","no",1601,236,0,19,140,77
"938","13","2019","yes",53,42,0,6,29,7
"939","14","2018","no",2394,326,3,33,179,111
"940","14","2018","yes",64,68,1,10,52,5
"941","14","2019","no",2386,284,0,26,157,101
"942","14","2019","yes",72,62,0,12,42,8
"943","15","2018","no",1435,223,3,19,129,72
"944","15","2018","yes",55,49,0,11,29,9
"945","15","2019","no",1367,201,0,15,111,75
"946","15","2019","yes",60,53,2,8,38,5
"947","16","2018","no",1966,362,2,28,213,119
"948","16","2018","yes",96,94,3,22,54,15
"949","16","2019","no",1937,408,0,31,237,140
"950","16","2019","yes",84,74,2,20,39,13
"951","17","2018","no",2103,403,3,42,216,142
"952","17","2018","yes",120,116,3,27,64,22
"953","17","2019","no",2125,461,1,29,248,183
"954","17","2019","yes",96,85,1,20,52,12
"955","18","2018","no",2117,425,0,51,257,117
"956","18","2018","yes",51,45,3,10,26,6
"957","18","2019","no",2191,378,1,54,208,115
"958","18","2019","yes",42,35,0,9,18,8
"959","19","2018","no",1728,278,1,14,140,123
"960","19","2018","yes",44,31,0,5,18,8
"961","19","2019","no",1665,288,1,20,138,129
"962","19","2019","yes",39,31,0,5,20,6
"963","2","2018","no",2300,267,0,27,144,96
"964","2","2018","yes",150,112,0,18,70,24
"965","2","2019","no",2349,251,3,25,126,97
"966","2","2019","yes",161,120,0,20,83,17
"967","20","2018","no",1999,465,5,49,246,165
"968","20","2018","yes",88,82,0,14,52,16
"969","20","2019","no",2090,490,1,39,266,184
"970","20","2019","yes",74,71,0,27,36,8
"971","21","2018","no",2842,502,1,39,266,196
"972","21","2018","yes",95,88,0,15,53,20
"973","21","2019","no",2590,506,3,47,248,208
"974","21","2019","yes",90,86,1,12,54,19
"975","22","2018","no",1655,249,1,13,147,88
"976","22","2018","yes",65,61,2,13,32,14
"977","22","2019","no",1666,254,1,35,135,83
"978","22","2019","yes",53,50,1,5,31,13
"979","23","2018","no",2229,309,2,26,152,129
"980","23","2018","yes",59,52,2,14,22,14
"981","23","2019","no",2211,290,1,29,159,101
"982","23","2019","yes",59,48,1,6,34,7
"983","24","2018","no",2333,569,1,58,295,215
"984","24","2018","yes",103,97,1,22,58,16
"985","24","2019","no",2331,610,4,40,346,220
"986","24","2019","yes",109,100,1,16,61,22
"987","25","2018","no",3156,419,2,39,218,160
"988","25","2018","yes",148,119,0,16,80,23
"989","25","2019","no",3136,380,1,25,211,143
"990","25","2019","yes",154,120,0,15,79,26
"991","26","2018","no",1742,322,2,21,188,111
"992","26","2018","yes",99,90,1,17,58,14
"993","26","2019","no",1565,235,1,29,123,82
"994","26","2019","yes",111,98,2,12,68,16
"995","27","2018","no",5377,930,2,89,539,300
"996","27","2018","yes",321,242,2,33,166,41
"997","27","2019","no",5241,884,2,81,519,282
"998","27","2019","yes",290,231,1,33,158,39
"999","28","2018","no",4072,986,6,85,530,365
"1000","28","2018","yes",176,151,1,28,97,25
"1001","28","2019","no",4024,1099,7,108,624,360
"1002","28","2019","yes",212,190,3,37,120,30
"1003","29","2018","no",2714,492,5,58,262,167
"1004","29","2018","yes",89,82,0,20,47,15
"1005","29","2019","no",2759,460,1,44,263,152
"1006","29","2019","yes",79,75,1,8,49,17
"1007","3","2018","no",2821,691,4,70,400,217
"1008","3","2018","yes",138,105,0,24,63,18
"1009","3","2019","no",2684,525,2,54,309,160
"1010","3","2019","yes",128,110,0,20,69,21
"1011","30","2018","no",1740,209,1,23,115,70
"1012","30","2018","yes",88,82,0,15,52,15
"1013","30","2019","no",1701,244,0,35,120,89
"1014","30","2019","yes",82,77,0,19,48,10
"1015","31","2018","no",1899,239,0,21,146,72
"1016","31","2018","yes",83,70,0,12,49,9
"1017","31","2019","no",1913,274,1,13,168,92
"1018","31","2019","yes",89,81,2,15,47,17
"1019","32","2018","no",2157,263,2,18,137,106
"1020","32","2018","yes",157,123,0,16,80,27
"1021","32","2019","no",2164,285,0,26,161,98
"1022","32","2019","yes",129,105,0,6,75,24
"1023","33","2018","no",1554,182,1,17,94,70
"1024","33","2018","yes",95,81,0,12,57,12
"1025","33","2019","no",1483,181,0,18,88,75
"1026","33","2019","yes",61,55,0,9,38,8
"1027","34","2018","no",1941,408,3,41,201,163
"1028","34","2018","yes",53,44,0,12,22,10
"1029","34","2019","no",1873,425,2,38,211,174
"1030","34","2019","yes",34,34,0,11,15,8
"1031","35","2018","no",1605,214,2,19,110,83
"1032","35","2018","yes",86,74,0,10,54,10
"1033","35","2019","no",1487,171,0,15,97,59
"1034","35","2019","yes",82,66,0,10,48,8
"1035","36","2018","no",1897,248,0,29,118,101
"1036","36","2018","yes",77,63,1,8,43,11
"1037","36","2019","no",1977,282,0,31,161,90
"1038","36","2019","yes",79,70,2,13,45,10
"1039","37","2018","no",2415,498,2,53,259,184
"1040","37","2018","yes",91,85,2,11,55,17
"1041","37","2019","no",2386,555,3,42,319,191
"1042","37","2019","yes",94,93,1,14,62,16
"1043","38","2018","no",1898,312,1,26,148,137
"1044","38","2018","yes",65,60,0,6,38,16
"1045","38","2019","no",1869,289,3,33,164,89
"1046","38","2019","yes",69,66,0,20,42,4
"1047","39","2018","no",2148,281,1,34,155,91
"1048","39","2018","yes",61,48,0,9,32,7
"1049","39","2019","no",2073,283,1,31,145,106
"1050","39","2019","yes",74,67,0,14,48,5
"1051","4","2018","no",2769,402,0,37,224,141
"1052","4","2018","yes",117,83,0,12,49,22
"1053","4","2019","no",2778,410,2,46,199,163
"1054","4","2019","yes",123,114,3,11,74,26
"1055","40","2018","no",2061,254,0,14,131,109
"1056","40","2018","yes",101,77,0,13,52,12
"1057","40","2019","no",2034,239,1,18,126,94
"1058","40","2019","yes",77,66,0,14,38,14
"1059","41","2018","no",1904,300,1,45,179,75
"1060","41","2018","yes",31,21,0,3,14,4
"1061","41","2019","no",2012,280,0,36,153,91
"1062","41","2019","yes",51,44,1,5,26,12
"1063","42","2018","no",7980,856,6,102,473,275
"1064","42","2018","yes",476,373,0,58,243,72
"1065","42","2019","no",7468,750,4,90,353,303
"1066","42","2019","yes",513,402,3,48,277,74
"1067","43","2018","no",1708,184,1,21,95,67
"1068","43","2018","yes",131,105,0,21,67,17
"1069","43","2019","no",1626,158,1,14,81,62
"1070","43","2019","yes",138,104,0,15,71,18
"1071","44","2018","no",1523,138,1,7,57,73
"1072","44","2018","yes",138,101,1,19,67,14
"1073","44","2019","no",1535,116,0,9,53,54
"1074","44","2019","yes",128,103,1,15,66,21
"1075","45","2018","no",2571,353,0,52,167,134
"1076","45","2018","yes",77,69,0,22,39,8
"1077","45","2019","no",2489,346,2,33,186,125
"1078","45","2019","yes",73,61,1,14,36,10
"1079","46","2018","no",1265,128,0,7,69,52
"1080","46","2018","yes",107,84,0,16,57,11
"1081","46","2019","no",1324,158,0,14,63,81
"1082","46","2019","yes",78,62,1,10,41,10
"1083","47","2018","no",1890,200,1,15,83,101
"1084","47","2018","yes",112,89,1,14,58,16
"1085","47","2019","no",1894,202,1,14,86,101
"1086","47","2019","yes",112,91,0,12,65,14
"1087","48","2018","no",1464,140,0,18,59,63
"1088","48","2018","yes",95,75,0,11,47,17
"1089","48","2019","no",1416,108,0,9,57,42
"1090","48","2019","yes",82,64,0,14,41,9
"1091","49","2018","no",1375,122,0,12,82,28
"1092","49","2018","yes",72,63,0,7,46,10
"1093","49","2019","no",1330,110,1,18,63,28
"1094","49","2019","yes",50,46,0,6,32,8
"1095","5","2018","no",2263,494,3,65,273,153
"1096","5","2018","yes",69,63,0,8,43,12
"1097","5","2019","no",2158,459,3,43,260,153
"1098","5","2019","yes",99,92,1,14,62,15
"1099","50","2018","no",2056,182,1,15,109,57
"1100","50","2018","yes",84,74,1,13,46,14
"1101","50","2019","no",1997,183,0,17,92,74
"1102","50","2019","yes",86,83,0,15,54,14
"1103","6","2018","no",2755,668,8,55,352,253
"1104","6","2018","yes",97,84,1,11,50,22
"1105","6","2019","no",2873,718,1,52,404,261
"1106","6","2019","yes",101,89,2,19,53,15
"1107","7","2018","no",1361,300,2,28,183,87
"1108","7","2018","yes",43,37,1,0,26,10
"1109","7","2019","no",1347,278,2,19,154,103
"1110","7","2019","yes",50,50,2,9,28,11
"1111","8","2018","no",2495,583,2,51,343,187
"1112","8","2018","yes",67,61,2,10,41,8
"1113","8","2019","no",2738,611,2,63,325,221
"1114","8","2019","yes",87,76,1,11,48,16
"1115","9","2018","no",1778,343,2,30,171,140
"1116","9","2018","yes",53,48,0,5,31,12
"1117","9","2019","no",1775,451,2,23,279,147
"1118","9","2019","yes",58,46,2,7,32,5
"1119",NA,"2018","no",32,3,0,0,1,2
"1120",NA,"2018","yes",1,1,0,1,0,0
"1121",NA,"2019","no",50,13,0,2,5,6
